{"cameraMode":{"drawMode":0,"name":"Shaded","section":"Shading Mode"},"sceneLighting":true,"audioPlay":false,"sceneViewState":{"showFog":true,"showMaterialUpdate":false,"showSkybox":true,"showFlares":true,"showImageEffects":true,"showParticleSystems":true},"in2DMode":false,"pivot":{"x":264.5596923828125,"y":121.3268814086914,"z":383.7386779785156},"rotation":{"x":-0.482298344373703,"y":-0.013305078260600567,"z":0.007327272556722164,"w":-0.8758753538131714},"size":112.13094329833985,"orthographic":false}